state,city,origin,2009,2010,2011,2012,2013,2014,2015,2016,2017,2018,avg5years,pct_change_2018_vs_5yr_average,total_population,foreign_born_est_prop,l1_africa,l1_americas,l1_asia,l1_europe,l1_oceania,l2_africa_eastern_africa,l2_africa_middle_africa,l2_africa_northern_africa,l2_africa_southern_africa,l2_africa_western_africa,l2_americas_latin_america,l2_americas_northern_america,l2_asia_eastern_asia,l2_asia_south_central_asia,l2_asia_south_eastern_asia,l2_asia_western_asia,l2_europe_eastern_europe,l2_europe_northern_europe,l2_europe_southern_europe,l2_europe_western_europe,l2_oceania_australia_nzealand_subregion,origin_prop
Colorado,Denver,Burma,371,358,381,249,299,274,368,247,62,24,250,-90.4,678467,15.79,8.906021038,62.86668969,19.21206634,8.622282786,0.392940144,4.009669501,0.673878347,1.407491063,0.321072232,2.080436061,61.19506071,1.671628975,5.167956245,4.425010034,7.521863712,2.076702663,3.795932463,2.19710475,0.574943299,2.054302275,0.26787131,0.518942328
Colorado,Denver,Iraq,179,222,53,127,234,290,186,171,69,1,190,-99.47,678467,15.79,8.906021038,62.86668969,19.21206634,8.622282786,0.392940144,4.009669501,0.673878347,1.407491063,0.321072232,2.080436061,61.19506071,1.671628975,5.167956245,4.425010034,7.521863712,2.076702663,3.795932463,2.19710475,0.574943299,2.054302275,0.26787131,0.724279221
Colorado,Denver,Somalia,182,156,77,79,238,228,117,64,113,6,152,-96.05,678467,15.79,8.906021038,62.86668969,19.21206634,8.622282786,0.392940144,4.009669501,0.673878347,1.407491063,0.321072232,2.080436061,61.19506071,1.671628975,5.167956245,4.425010034,7.521863712,2.076702663,3.795932463,2.19710475,0.574943299,2.054302275,0.26787131,0.347206018
Colorado,Denver,Bhutan,463,445,462,339,174,151,146,146,64,11,136.2,-91.92,678467,15.79,8.906021038,62.86668969,19.21206634,8.622282786,0.392940144,4.009669501,0.673878347,1.407491063,0.321072232,2.080436061,61.19506071,1.671628975,5.167956245,4.425010034,7.521863712,2.076702663,3.795932463,2.19710475,0.574943299,2.054302275,0.26787131,
Colorado,Denver,Dem. Rep. Congo,24,219,36,54,70,141,177,121,116,42,125,-66.4,678467,15.79,8.906021038,62.86668969,19.21206634,8.622282786,0.392940144,4.009669501,0.673878347,1.407491063,0.321072232,2.080436061,61.19506071,1.671628975,5.167956245,4.425010034,7.521863712,2.076702663,3.795932463,2.19710475,0.574943299,2.054302275,0.26787131,
Colorado,Greeley,Burma,0,17,35,37,76,93,143,182,77,62,114.2,-45.71,100760,11.21,5.824555192,80.80021245,9.604319731,3.673541648,0.097370983,4.310878994,0,0.079667168,0.699300699,0.300964858,79.68487209,1.115340356,1.611047181,2.257236434,4.576436222,0.849783128,1.256970877,1.115340356,0.433743472,0.867486943,0.097370983,0.902894574
Colorado,Aurora,Burma,16,12,59,83,86,67,83,72,24,1,66.4,-98.49,357323,19.83,12.82970406,54.78062067,24.62778193,7.133885604,0.628007734,5.979480377,1.010457387,0.824171947,0.1693504,3.584583469,53.7969771,0.983643574,5.818597496,6.48894283,9.791275632,2.410420695,4.398876642,1.147348961,0.187696693,1.399963307,0.184874187,1.294119307
Colorado,Denver,Eritrea,65,96,94,28,68,66,26,53,50,34,52.6,-35.36,678467,15.79,8.906021038,62.86668969,19.21206634,8.622282786,0.392940144,4.009669501,0.673878347,1.407491063,0.321072232,2.080436061,61.19506071,1.671628975,5.167956245,4.425010034,7.521863712,2.076702663,3.795932463,2.19710475,0.574943299,2.054302275,0.26787131,0.279071504
Colorado,Greeley,Somalia,22,9,21,29,30,46,51,70,22,0,43.8,-100,100760,11.21,5.824555192,80.80021245,9.604319731,3.673541648,0.097370983,4.310878994,0,0.079667168,0.699300699,0.300964858,79.68487209,1.115340356,1.611047181,2.257236434,4.576436222,0.849783128,1.256970877,1.115340356,0.433743472,0.867486943,0.097370983,1.310082323
Colorado,Colorado Springs,Iraq,16,18,11,14,41,60,64,23,17,3,41,-92.68,450000,7.5,4.897197369,44.30289743,28.0292706,21.25377733,1.516857261,0.903596611,0.58067192,1.768679268,0.713989453,0.820643479,39.82639095,4.476506488,13.69615453,3.611423831,9.696628548,1.001362801,5.593411151,4.734253718,1.309474433,9.554423179,0.648811993,0.198494993
Colorado,Aurora,Bhutan,54,66,69,159,70,65,34,24,3,7,39.2,-82.14,357323,19.83,12.82970406,54.78062067,24.62778193,7.133885604,0.628007734,5.979480377,1.010457387,0.824171947,0.1693504,3.584583469,53.7969771,0.983643574,5.818597496,6.48894283,9.791275632,2.410420695,4.398876642,1.147348961,0.187696693,1.399963307,0.184874187,
Colorado,Denver,Syria,0,0,0,0,3,0,5,115,69,0,38.4,-100,678467,15.79,8.906021038,62.86668969,19.21206634,8.622282786,0.392940144,4.009669501,0.673878347,1.407491063,0.321072232,2.080436061,61.19506071,1.671628975,5.167956245,4.425010034,7.521863712,2.076702663,3.795932463,2.19710475,0.574943299,2.054302275,0.26787131,0
Colorado,Denver,Ethiopia,34,43,44,27,52,42,16,27,14,10,30.2,-66.89,678467,15.79,8.906021038,62.86668969,19.21206634,8.622282786,0.392940144,4.009669501,0.673878347,1.407491063,0.321072232,2.080436061,61.19506071,1.671628975,5.167956245,4.425010034,7.521863712,2.076702663,3.795932463,2.19710475,0.574943299,2.054302275,0.26787131,2.509776836
Colorado,Denver,Sudan,13,15,13,18,51,42,18,6,1,0,23.6,-100,678467,15.79,8.906021038,62.86668969,19.21206634,8.622282786,0.392940144,4.009669501,0.673878347,1.407491063,0.321072232,2.080436061,61.19506071,1.671628975,5.167956245,4.425010034,7.521863712,2.076702663,3.795932463,2.19710475,0.574943299,2.054302275,0.26787131,0.622544124
Colorado,Denver,Ukraine,2,1,7,0,7,5,38,26,27,8,20.6,-61.17,678467,15.79,8.906021038,62.86668969,19.21206634,8.622282786,0.392940144,4.009669501,0.673878347,1.407491063,0.321072232,2.080436061,61.19506071,1.671628975,5.167956245,4.425010034,7.521863712,2.076702663,3.795932463,2.19710475,0.574943299,2.054302275,0.26787131,0.421873979
Colorado,Colorado Springs,Dem. Rep. Congo,0,6,0,0,3,3,21,52,22,27,20.2,33.66,450000,7.5,4.897197369,44.30289743,28.0292706,21.25377733,1.516857261,0.903596611,0.58067192,1.768679268,0.713989453,0.820643479,39.82639095,4.476506488,13.69615453,3.611423831,9.696628548,1.001362801,5.593411151,4.734253718,1.309474433,9.554423179,0.648811993,
Colorado,Denver,Afghanistan,1,1,1,0,9,9,18,14,42,14,18.4,-23.91,678467,15.79,8.906021038,62.86668969,19.21206634,8.622282786,0.392940144,4.009669501,0.673878347,1.407491063,0.321072232,2.080436061,61.19506071,1.671628975,5.167956245,4.425010034,7.521863712,2.076702663,3.795932463,2.19710475,0.574943299,2.054302275,0.26787131,0.176403058
Colorado,Aurora,Iraq,3,4,0,1,9,33,30,8,8,0,17.6,-100,357323,19.83,12.82970406,54.78062067,24.62778193,7.133885604,0.628007734,5.979480377,1.010457387,0.824171947,0.1693504,3.584583469,53.7969771,0.983643574,5.818597496,6.48894283,9.791275632,2.410420695,4.398876642,1.147348961,0.187696693,1.399963307,0.184874187,0.814293174
Colorado,Denver,Central African Republic,0,0,14,14,22,0,14,48,2,6,17.2,-65.12,678467,15.79,8.906021038,62.86668969,19.21206634,8.622282786,0.392940144,4.009669501,0.673878347,1.407491063,0.321072232,2.080436061,61.19506071,1.671628975,5.167956245,4.425010034,7.521863712,2.076702663,3.795932463,2.19710475,0.574943299,2.054302275,0.26787131,
Colorado,Denver,Iran,3,11,11,6,18,7,5,15,15,0,12,-100,678467,15.79,8.906021038,62.86668969,19.21206634,8.622282786,0.392940144,4.009669501,0.673878347,1.407491063,0.321072232,2.080436061,61.19506071,1.671628975,5.167956245,4.425010034,7.521863712,2.076702663,3.795932463,2.19710475,0.574943299,2.054302275,0.26787131,0.864281648
Colorado,Greeley,Iraq,0,5,7,5,23,29,5,1,0,0,11.6,-100,100760,11.21,5.824555192,80.80021245,9.604319731,3.673541648,0.097370983,4.310878994,0,0.079667168,0.699300699,0.300964858,79.68487209,1.115340356,1.611047181,2.257236434,4.576436222,0.849783128,1.256970877,1.115340356,0.433743472,0.867486943,0.097370983,0
Colorado,Lakewood,Somalia,0,0,0,0,1,0,0,0,55,0,11.2,-100,151411,9.14,2.933102153,52.92587776,25.78384626,17.63473486,0.722438954,0.534604826,1.09810721,0.288975582,0.960843809,0.050570727,51.22092183,1.704955931,7.072677359,5.598901893,11.15445745,1.957809565,7.975726051,4.255165439,1.57491692,3.828926456,0.722438954,0.180609738
Colorado,Lakewood,Syria,0,0,0,0,0,0,0,0,53,0,10.6,-100,151411,9.14,2.933102153,52.92587776,25.78384626,17.63473486,0.722438954,0.534604826,1.09810721,0.288975582,0.960843809,0.050570727,51.22092183,1.704955931,7.072677359,5.598901893,11.15445745,1.957809565,7.975726051,4.255165439,1.57491692,3.828926456,0.722438954,0
Colorado,Aurora,Eritrea,0,5,3,4,22,8,9,0,5,4,8.8,-54.55,357323,19.83,12.82970406,54.78062067,24.62778193,7.133885604,0.628007734,5.979480377,1.010457387,0.824171947,0.1693504,3.584583469,53.7969771,0.983643574,5.818597496,6.48894283,9.791275632,2.410420695,4.398876642,1.147348961,0.187696693,1.399963307,0.184874187,0.121367787
Colorado,Colorado Springs,Burma,10,23,15,9,14,12,11,0,1,0,7.6,-100,450000,7.5,4.897197369,44.30289743,28.0292706,21.25377733,1.516857261,0.903596611,0.58067192,1.768679268,0.713989453,0.820643479,39.82639095,4.476506488,13.69615453,3.611423831,9.696628548,1.001362801,5.593411151,4.734253718,1.309474433,9.554423179,0.648811993,0.127392309
Colorado,Aurora,Dem. Rep. Congo,0,0,0,9,0,8,2,4,20,10,6.8,47.06,357323,19.83,12.82970406,54.78062067,24.62778193,7.133885604,0.628007734,5.979480377,1.010457387,0.824171947,0.1693504,3.584583469,53.7969771,0.983643574,5.818597496,6.48894283,9.791275632,2.410420695,4.398876642,1.147348961,0.187696693,1.399963307,0.184874187,
Colorado,Greeley,Eritrea,5,6,0,1,16,0,1,6,9,11,6.4,71.87,100760,11.21,5.824555192,80.80021245,9.604319731,3.673541648,0.097370983,4.310878994,0,0.079667168,0.699300699,0.300964858,79.68487209,1.115340356,1.611047181,2.257236434,4.576436222,0.849783128,1.256970877,1.115340356,0.433743472,0.867486943,0.097370983,1.50482429
Colorado,Aurora,Ethiopia,0,2,0,5,11,6,8,3,3,0,6.2,-100,357323,19.83,12.82970406,54.78062067,24.62778193,7.133885604,0.628007734,5.979480377,1.010457387,0.824171947,0.1693504,3.584583469,53.7969771,0.983643574,5.818597496,6.48894283,9.791275632,2.410420695,4.398876642,1.147348961,0.187696693,1.399963307,0.184874187,4.322668962
Colorado,Colorado Springs,Burundi,0,0,0,0,0,0,9,21,0,0,6,-100,450000,7.5,4.897197369,44.30289743,28.0292706,21.25377733,1.516857261,0.903596611,0.58067192,1.768679268,0.713989453,0.820643479,39.82639095,4.476506488,13.69615453,3.611423831,9.696628548,1.001362801,5.593411151,4.734253718,1.309474433,9.554423179,0.648811993,
Colorado,Denver,Burundi,9,6,5,0,0,5,20,1,0,0,5.2,-100,678467,15.79,8.906021038,62.86668969,19.21206634,8.622282786,0.392940144,4.009669501,0.673878347,1.407491063,0.321072232,2.080436061,61.19506071,1.671628975,5.167956245,4.425010034,7.521863712,2.076702663,3.795932463,2.19710475,0.574943299,2.054302275,0.26787131,
Colorado,Colorado Springs,Cuba,21,20,3,12,10,9,6,0,0,0,5,-100,450000,7.5,4.897197369,44.30289743,28.0292706,21.25377733,1.516857261,0.903596611,0.58067192,1.768679268,0.713989453,0.820643479,39.82639095,4.476506488,13.69615453,3.611423831,9.696628548,1.001362801,5.593411151,4.734253718,1.309474433,9.554423179,0.648811993,1.128755111
Colorado,Denver,Rwanda,2,12,1,10,5,5,12,0,3,0,5,-100,678467,15.79,8.906021038,62.86668969,19.21206634,8.622282786,0.392940144,4.009669501,0.673878347,1.407491063,0.321072232,2.080436061,61.19506071,1.671628975,5.167956245,4.425010034,7.521863712,2.076702663,3.795932463,2.19710475,0.574943299,2.054302275,0.26787131,
Colorado,Colorado Springs,Bhutan,61,47,52,39,14,9,1,0,0,0,4.8,-100,450000,7.5,4.897197369,44.30289743,28.0292706,21.25377733,1.516857261,0.903596611,0.58067192,1.768679268,0.713989453,0.820643479,39.82639095,4.476506488,13.69615453,3.611423831,9.696628548,1.001362801,5.593411151,4.734253718,1.309474433,9.554423179,0.648811993,
Colorado,Denver,Belarus,1,0,0,5,0,0,9,15,0,0,4.8,-100,678467,15.79,8.906021038,62.86668969,19.21206634,8.622282786,0.392940144,4.009669501,0.673878347,1.407491063,0.321072232,2.080436061,61.19506071,1.671628975,5.167956245,4.425010034,7.521863712,2.076702663,3.795932463,2.19710475,0.574943299,2.054302275,0.26787131,0.440540969
Colorado,Denver,China,0,1,0,1,6,7,4,1,6,0,4.8,-100,678467,15.79,8.906021038,62.86668969,19.21206634,8.622282786,0.392940144,4.009669501,0.673878347,1.407491063,0.321072232,2.080436061,61.19506071,1.671628975,5.167956245,4.425010034,7.521863712,2.076702663,3.795932463,2.19710475,0.574943299,2.054302275,0.26787131,2.933517514
Colorado,Colorado Springs,Central African Republic,0,0,0,0,0,0,0,17,5,3,4.4,-31.82,450000,7.5,4.897197369,44.30289743,28.0292706,21.25377733,1.516857261,0.903596611,0.58067192,1.768679268,0.713989453,0.820643479,39.82639095,4.476506488,13.69615453,3.611423831,9.696628548,1.001362801,5.593411151,4.734253718,1.309474433,9.554423179,0.648811993,
Colorado,Lakewood,Dem. Rep. Congo,0,0,0,0,0,0,0,0,21,77,4.2,1733.33,151411,9.14,2.933102153,52.92587776,25.78384626,17.63473486,0.722438954,0.534604826,1.09810721,0.288975582,0.960843809,0.050570727,51.22092183,1.704955931,7.072677359,5.598901893,11.15445745,1.957809565,7.975726051,4.255165439,1.57491692,3.828926456,0.722438954,
Colorado,Denver,Cuba,0,3,0,7,6,11,3,0,0,0,4,-100,678467,15.79,8.906021038,62.86668969,19.21206634,8.622282786,0.392940144,4.009669501,0.673878347,1.407491063,0.321072232,2.080436061,61.19506071,1.671628975,5.167956245,4.425010034,7.521863712,2.076702663,3.795932463,2.19710475,0.574943299,2.054302275,0.26787131,0.361206261
Colorado,Lakewood,Iraq,0,6,4,0,4,2,0,5,8,0,3.8,-100,151411,9.14,2.933102153,52.92587776,25.78384626,17.63473486,0.722438954,0.534604826,1.09810721,0.288975582,0.960843809,0.050570727,51.22092183,1.704955931,7.072677359,5.598901893,11.15445745,1.957809565,7.975726051,4.255165439,1.57491692,3.828926456,0.722438954,0.484034099
Colorado,Aurora,Somalia,8,4,4,7,2,1,2,4,8,0,3.4,-100,357323,19.83,12.82970406,54.78062067,24.62778193,7.133885604,0.628007734,5.979480377,1.010457387,0.824171947,0.1693504,3.584583469,53.7969771,0.983643574,5.818597496,6.48894283,9.791275632,2.410420695,4.398876642,1.147348961,0.187696693,1.399963307,0.184874187,0.674579094
Colorado,Denver,El Salvador,0,0,0,0,0,0,0,2,14,5,3.2,56.25,678467,15.79,8.906021038,62.86668969,19.21206634,8.622282786,0.392940144,4.009669501,0.673878347,1.407491063,0.321072232,2.080436061,61.19506071,1.671628975,5.167956245,4.425010034,7.521863712,2.076702663,3.795932463,2.19710475,0.574943299,2.054302275,0.26787131,1.754697081
Colorado,Denver,Tibet,0,0,0,5,15,0,0,1,0,0,3.2,-100,678467,15.79,8.906021038,62.86668969,19.21206634,8.622282786,0.392940144,4.009669501,0.673878347,1.407491063,0.321072232,2.080436061,61.19506071,1.671628975,5.167956245,4.425010034,7.521863712,2.076702663,3.795932463,2.19710475,0.574943299,2.054302275,0.26787131,
Colorado,Aurora,Ukraine,0,0,0,0,0,0,2,13,0,0,3,-100,357323,19.83,12.82970406,54.78062067,24.62778193,7.133885604,0.628007734,5.979480377,1.010457387,0.824171947,0.1693504,3.584583469,53.7969771,0.983643574,5.818597496,6.48894283,9.791275632,2.410420695,4.398876642,1.147348961,0.187696693,1.399963307,0.184874187,1.021747414
Colorado,Denver,Palestine,0,1,14,11,7,0,0,8,0,0,3,-100,678467,15.79,8.906021038,62.86668969,19.21206634,8.622282786,0.392940144,4.009669501,0.673878347,1.407491063,0.321072232,2.080436061,61.19506071,1.671628975,5.167956245,4.425010034,7.521863712,2.076702663,3.795932463,2.19710475,0.574943299,2.054302275,0.26787131,
Colorado,Denver,Russia,9,6,2,6,0,5,9,0,1,12,3,300,678467,15.79,8.906021038,62.86668969,19.21206634,8.622282786,0.392940144,4.009669501,0.673878347,1.407491063,0.321072232,2.080436061,61.19506071,1.671628975,5.167956245,4.425010034,7.521863712,2.076702663,3.795932463,2.19710475,0.574943299,2.054302275,0.26787131,0.923082667
Colorado,Greeley,Ethiopia,0,0,0,0,2,2,4,1,5,0,2.8,-100,100760,11.21,5.824555192,80.80021245,9.604319731,3.673541648,0.097370983,4.310878994,0,0.079667168,0.699300699,0.300964858,79.68487209,1.115340356,1.611047181,2.257236434,4.576436222,0.849783128,1.256970877,1.115340356,0.433743472,0.867486943,0.097370983,1.469416659
Colorado,Denver,Colombia,0,0,0,0,5,0,3,2,3,5,2.6,92.31,678467,15.79,8.906021038,62.86668969,19.21206634,8.622282786,0.392940144,4.009669501,0.673878347,1.407491063,0.321072232,2.080436061,61.19506071,1.671628975,5.167956245,4.425010034,7.521863712,2.076702663,3.795932463,2.19710475,0.574943299,2.054302275,0.26787131,0.614143978
Colorado,Fort Morgan,Somalia,5,0,0,2,0,2,1,0,10,0,2.6,-100,11251,19.76,20.51282051,73.86414755,3.553756185,2.069275753,0,20.51282051,0,0,0,0,73.86414755,0,2.159244265,0,1.394511921,0,2.069275753,0,0,0,0,13.13540261
Colorado,Colorado Springs,Afghanistan,0,0,0,0,1,1,10,0,0,0,2.4,-100,450000,7.5,4.897197369,44.30289743,28.0292706,21.25377733,1.516857261,0.903596611,0.58067192,1.768679268,0.713989453,0.820643479,39.82639095,4.476506488,13.69615453,3.611423831,9.696628548,1.001362801,5.593411151,4.734253718,1.309474433,9.554423179,0.648811993,0.06517746
Colorado,Denver,Moldova,0,4,2,2,0,1,8,3,0,0,2.4,-100,678467,15.79,8.906021038,62.86668969,19.21206634,8.622282786,0.392940144,4.009669501,0.673878347,1.407491063,0.321072232,2.080436061,61.19506071,1.671628975,5.167956245,4.425010034,7.521863712,2.076702663,3.795932463,2.19710475,0.574943299,2.054302275,0.26787131,0.058801019
Colorado,Conifer,Dem. Rep. Congo,0,0,0,0,0,0,0,10,0,0,2,-100,,,,,,,,,,,,,,,,,,,,,,,,
Colorado,Thornton,Somalia,0,0,0,0,0,10,0,0,0,0,2,-100,132310,12.83,2.180189735,65.0816098,24.18832125,8.231689352,0.318189853,1.066525249,0,0.459607566,0,0.654056921,64.35095162,0.730658182,5.149961699,4.819987037,13.1930941,0.930999941,5.633138884,0.559778446,0.111955689,1.926816334,0.318189853,0
Colorado,Denver,Pakistan,0,0,0,3,0,0,0,0,9,3,1.8,66.67,678467,15.79,8.906021038,62.86668969,19.21206634,8.622282786,0.392940144,4.009669501,0.673878347,1.407491063,0.321072232,2.080436061,61.19506071,1.671628975,5.167956245,4.425010034,7.521863712,2.076702663,3.795932463,2.19710475,0.574943299,2.054302275,0.26787131,0.304271941
Colorado,Boulder,Sudan,0,0,0,0,8,0,0,0,0,0,1.6,-100,106271,11.19,2.194568233,29.20205163,39.00613806,25.94803666,3.649205415,0.319515681,0,0.403598756,0.706297822,0.571764904,23.66938535,5.532666274,19.11208274,10.50197595,4.34709493,4.868409989,6.793912385,7.29841083,2.892457748,8.963255697,3.649205415,0
Colorado,Colorado Springs,Iran,0,4,3,1,4,2,1,0,1,0,1.6,-100,450000,7.5,4.897197369,44.30289743,28.0292706,21.25377733,1.516857261,0.903596611,0.58067192,1.768679268,0.713989453,0.820643479,39.82639095,4.476506488,13.69615453,3.611423831,9.696628548,1.001362801,5.593411151,4.734253718,1.309474433,9.554423179,0.648811993,0.118504474
Colorado,Fort Morgan,Eritrea,0,0,0,0,3,1,1,0,3,0,1.6,-100,11251,19.76,20.51282051,73.86414755,3.553756185,2.069275753,0,20.51282051,0,0,0,0,73.86414755,0,2.159244265,0,1.394511921,0,2.069275753,0,0,0,0,0
Colorado,Lakewood,Burma,0,0,2,0,0,0,0,0,8,20,1.6,1150,151411,9.14,2.933102153,52.92587776,25.78384626,17.63473486,0.722438954,0.534604826,1.09810721,0.288975582,0.960843809,0.050570727,51.22092183,1.704955931,7.072677359,5.598901893,11.15445745,1.957809565,7.975726051,4.255165439,1.57491692,3.828926456,0.722438954,0.15171218
Colorado,Arvada,Iraq,0,0,0,0,4,0,3,0,0,0,1.4,-100,115320,5.25,6.959828071,29.92230121,27.97156555,33.90643082,1.239874359,1.239874359,2.595470326,1.124152753,1.438254257,0.562076376,24.15275252,5.769548686,10.28269135,8.282360721,8.530335593,0.876177881,22.7806249,2.314432138,1.520912548,7.125144652,1.239874359,0
Colorado,Arvada,Moldova,0,1,0,0,0,7,0,0,0,0,1.4,-100,115320,5.25,6.959828071,29.92230121,27.97156555,33.90643082,1.239874359,1.239874359,2.595470326,1.124152753,1.438254257,0.562076376,24.15275252,5.769548686,10.28269135,8.282360721,8.530335593,0.876177881,22.7806249,2.314432138,1.520912548,7.125144652,1.239874359,0.132253265
Colorado,Arvada,Russia,6,1,0,0,0,0,0,0,7,0,1.4,-100,115320,5.25,6.959828071,29.92230121,27.97156555,33.90643082,1.239874359,1.239874359,2.595470326,1.124152753,1.438254257,0.562076376,24.15275252,5.769548686,10.28269135,8.282360721,8.530335593,0.876177881,22.7806249,2.314432138,1.520912548,7.125144652,1.239874359,7.273929575
Colorado,Colorado Springs,Eritrea,0,0,0,7,1,4,1,0,1,4,1.4,185.71,450000,7.5,4.897197369,44.30289743,28.0292706,21.25377733,1.516857261,0.903596611,0.58067192,1.768679268,0.713989453,0.820643479,39.82639095,4.476506488,13.69615453,3.611423831,9.696628548,1.001362801,5.593411151,4.734253718,1.309474433,9.554423179,0.648811993,0.026663507
Colorado,Golden,Iraq,2,0,0,0,5,0,0,2,0,0,1.4,-100,20365,8.69,2.656868287,27.07744488,49.01074053,19.55907292,1.695873375,0.565291125,0,1.695873375,0.395703787,0,21.02882985,6.048615037,20.12436405,8.931599774,3.222159412,16.7326173,4.522328999,3.900508762,1.017524025,10.11871114,1.695873375,0
Colorado,Highlands Ranch,Afghanistan,0,0,0,0,0,0,0,0,7,0,1.4,-100,105264,9.03,3.230898758,21.18501368,55.6409177,18.84866344,1.09450642,1.820669333,0,0.273626605,0.410439907,0.463060408,13.94443275,7.24058093,14.87055357,26.66806988,11.91328141,2.031151337,6.377604715,5.325194696,2.978320354,4.167543675,1.09450642,0.073668701
Colorado,Lakewood,Bhutan,0,0,0,0,0,0,0,0,7,13,1.4,828.57,151411,9.14,2.933102153,52.92587776,25.78384626,17.63473486,0.722438954,0.534604826,1.09810721,0.288975582,0.960843809,0.050570727,51.22092183,1.704955931,7.072677359,5.598901893,11.15445745,1.957809565,7.975726051,4.255165439,1.57491692,3.828926456,0.722438954,
Colorado,Boulder,Central African Republic,0,0,0,0,0,6,0,0,0,0,1.2,-100,106271,11.19,2.194568233,29.20205163,39.00613806,25.94803666,3.649205415,0.319515681,0,0.403598756,0.706297822,0.571764904,23.66938535,5.532666274,19.11208274,10.50197595,4.34709493,4.868409989,6.793912385,7.29841083,2.892457748,8.963255697,3.649205415,
Colorado,Boulder,Iraq,0,2,0,0,2,4,0,0,0,0,1.2,-100,106271,11.19,2.194568233,29.20205163,39.00613806,25.94803666,3.649205415,0.319515681,0,0.403598756,0.706297822,0.571764904,23.66938535,5.532666274,19.11208274,10.50197595,4.34709493,4.868409989,6.793912385,7.29841083,2.892457748,8.963255697,3.649205415,0.100899689
Colorado,Colorado Springs,Rwanda,0,0,0,0,0,3,0,0,3,0,1.2,-100,450000,7.5,4.897197369,44.30289743,28.0292706,21.25377733,1.516857261,0.903596611,0.58067192,1.768679268,0.713989453,0.820643479,39.82639095,4.476506488,13.69615453,3.611423831,9.696628548,1.001362801,5.593411151,4.734253718,1.309474433,9.554423179,0.648811993,
Colorado,Denver,Congo,3,10,0,0,5,0,1,0,0,0,1.2,-100,678467,15.79,8.906021038,62.86668969,19.21206634,8.622282786,0.392940144,4.009669501,0.673878347,1.407491063,0.321072232,2.080436061,61.19506071,1.671628975,5.167956245,4.425010034,7.521863712,2.076702663,3.795932463,2.19710475,0.574943299,2.054302275,0.26787131,
Colorado,Greeley,Bhutan,0,0,6,3,0,0,0,0,6,0,1.2,-100,100760,11.21,5.824555192,80.80021245,9.604319731,3.673541648,0.097370983,4.310878994,0,0.079667168,0.699300699,0.300964858,79.68487209,1.115340356,1.611047181,2.257236434,4.576436222,0.849783128,1.256970877,1.115340356,0.433743472,0.867486943,0.097370983,
Colorado,Arvada,Ukraine,1,4,0,0,0,4,0,1,0,0,1,-100,115320,5.25,6.959828071,29.92230121,27.97156555,33.90643082,1.239874359,1.239874359,2.595470326,1.124152753,1.438254257,0.562076376,24.15275252,5.769548686,10.28269135,8.282360721,8.530335593,0.876177881,22.7806249,2.314432138,1.520912548,7.125144652,1.239874359,4.380889403
Colorado,Colorado Springs,Somalia,0,0,0,1,4,0,0,1,0,0,1,-100,450000,7.5,4.897197369,44.30289743,28.0292706,21.25377733,1.516857261,0.903596611,0.58067192,1.768679268,0.713989453,0.820643479,39.82639095,4.476506488,13.69615453,3.611423831,9.696628548,1.001362801,5.593411151,4.734253718,1.309474433,9.554423179,0.648811993,0
Colorado,Denver,Armenia,0,0,0,0,0,0,0,5,0,0,1,-100,678467,15.79,8.906021038,62.86668969,19.21206634,8.622282786,0.392940144,4.009669501,0.673878347,1.407491063,0.321072232,2.080436061,61.19506071,1.671628975,5.167956245,4.425010034,7.521863712,2.076702663,3.795932463,2.19710475,0.574943299,2.054302275,0.26787131,0.074667961
Colorado,Denver,"Korea, North",2,0,2,5,1,0,2,1,1,0,1,-100,678467,15.79,8.906021038,62.86668969,19.21206634,8.622282786,0.392940144,4.009669501,0.673878347,1.407491063,0.321072232,2.080436061,61.19506071,1.671628975,5.167956245,4.425010034,7.521863712,2.076702663,3.795932463,2.19710475,0.574943299,2.054302275,0.26787131,
Colorado,Denver,Uganda,0,1,0,0,2,0,2,0,1,0,1,-100,678467,15.79,8.906021038,62.86668969,19.21206634,8.622282786,0.392940144,4.009669501,0.673878347,1.407491063,0.321072232,2.080436061,61.19506071,1.671628975,5.167956245,4.425010034,7.521863712,2.076702663,3.795932463,2.19710475,0.574943299,2.054302275,0.26787131,
Colorado,Edgewater,Iraq,0,5,0,0,5,0,0,0,0,0,1,-100,,,,,,,,,,,,,,,,,,,,,,,,
Colorado,Lakewood,Eritrea,0,0,0,0,0,0,0,0,5,9,1,800,151411,9.14,2.933102153,52.92587776,25.78384626,17.63473486,0.722438954,0.534604826,1.09810721,0.288975582,0.960843809,0.050570727,51.22092183,1.704955931,7.072677359,5.598901893,11.15445745,1.957809565,7.975726051,4.255165439,1.57491692,3.828926456,0.722438954,0
Colorado,Thornton,Syria,0,0,0,0,0,0,0,5,0,0,1,-100,132310,12.83,2.180189735,65.0816098,24.18832125,8.231689352,0.318189853,1.066525249,0,0.459607566,0,0.654056921,64.35095162,0.730658182,5.149961699,4.819987037,13.1930941,0.930999941,5.633138884,0.559778446,0.111955689,1.926816334,0.318189853,0
Colorado,Arvada,Burma,0,0,0,1,3,1,0,0,0,0,0.8,-100,115320,5.25,6.959828071,29.92230121,27.97156555,33.90643082,1.239874359,1.239874359,2.595470326,1.124152753,1.438254257,0.562076376,24.15275252,5.769548686,10.28269135,8.282360721,8.530335593,0.876177881,22.7806249,2.314432138,1.520912548,7.125144652,1.239874359,0.148784923
Colorado,Aurora,Gambia,0,0,0,0,0,0,0,0,4,0,0.8,-100,357323,19.83,12.82970406,54.78062067,24.62778193,7.133885604,0.628007734,5.979480377,1.010457387,0.824171947,0.1693504,3.584583469,53.7969771,0.983643574,5.818597496,6.48894283,9.791275632,2.410420695,4.398876642,1.147348961,0.187696693,1.399963307,0.184874187,
Colorado,Aurora,Nepal,0,0,0,1,0,3,1,0,0,0,0.8,-100,357323,19.83,12.82970406,54.78062067,24.62778193,7.133885604,0.628007734,5.979480377,1.010457387,0.824171947,0.1693504,3.584583469,53.7969771,0.983643574,5.818597496,6.48894283,9.791275632,2.410420695,4.398876642,1.147348961,0.187696693,1.399963307,0.184874187,1.152993974
Colorado,Colorado Springs,Sudan,0,0,0,0,0,0,0,0,4,0,0.8,-100,450000,7.5,4.897197369,44.30289743,28.0292706,21.25377733,1.516857261,0.903596611,0.58067192,1.768679268,0.713989453,0.820643479,39.82639095,4.476506488,13.69615453,3.611423831,9.696628548,1.001362801,5.593411151,4.734253718,1.309474433,9.554423179,0.648811993,0.675475499
Colorado,Commerce City,Ukraine,0,2,0,0,0,0,4,0,0,0,0.8,-100,52905,14,1.188065344,84.33913865,10.3145673,4.158228703,0,0.297016336,0,0,0.05400297,0.837046038,83.78560821,0.553530444,1.188065344,1.998109896,6.48035642,0.648035642,2.538139598,0.391521534,0,1.228567571,0,0.499527474
Colorado,Denver,Sri Lanka (Ceylon),0,3,0,0,2,2,0,0,0,0,0.8,-100,678467,15.79,8.906021038,62.86668969,19.21206634,8.622282786,0.392940144,4.009669501,0.673878347,1.407491063,0.321072232,2.080436061,61.19506071,1.671628975,5.167956245,4.425010034,7.521863712,2.076702663,3.795932463,2.19710475,0.574943299,2.054302275,0.26787131,0.015866942
Colorado,Henderson,Afghanistan,0,0,0,0,4,0,0,0,0,0,0.8,-100,,,,,,,,,,,,,,,,,,,,,,,,
Colorado,Lafayette,Burma,0,0,1,1,3,0,0,0,1,0,0.8,-100,27440,9.67,2.072343632,57.68651093,24.34061794,15.71213263,0.188394876,0,0,1.055011304,0,1.017332329,54.29540317,3.391107762,9.90957046,6.103993971,8.100979653,0.226073851,4.483798041,4.144687265,1.017332329,6.066314996,0.188394876,0
Colorado,Lakewood,Sudan,0,0,0,4,0,3,0,0,1,0,0.8,-100,151411,9.14,2.933102153,52.92587776,25.78384626,17.63473486,0.722438954,0.534604826,1.09810721,0.288975582,0.960843809,0.050570727,51.22092183,1.704955931,7.072677359,5.598901893,11.15445745,1.957809565,7.975726051,4.255165439,1.57491692,3.828926456,0.722438954,0.057795116
Colorado,Boulder,Republic of South Sudan,0,0,0,0,0,0,0,3,0,0,0.6,-100,106271,11.19,2.194568233,29.20205163,39.00613806,25.94803666,3.649205415,0.319515681,0,0.403598756,0.706297822,0.571764904,23.66938535,5.532666274,19.11208274,10.50197595,4.34709493,4.868409989,6.793912385,7.29841083,2.892457748,8.963255697,3.649205415,
Colorado,Centennial,Eritrea,0,0,0,0,0,0,3,0,0,0,0.6,-100,108448,9.08,5.646963234,23.49177331,47.7757465,22.14097095,0.944546009,4.113345521,0,1.188299817,0.192971765,0.15234613,17.76355881,5.728214503,20.36359943,16.42291286,7.444647573,3.544586634,9.993906155,6.408693886,0.954702417,4.671947999,0.863294739,0
Colorado,Colorado Springs,Colombia,0,0,0,0,0,0,0,0,3,0,0.6,-100,450000,7.5,4.897197369,44.30289743,28.0292706,21.25377733,1.516857261,0.903596611,0.58067192,1.768679268,0.713989453,0.820643479,39.82639095,4.476506488,13.69615453,3.611423831,9.696628548,1.001362801,5.593411151,4.734253718,1.309474433,9.554423179,0.648811993,1.019138472
Colorado,Colorado Springs,Ethiopia,0,0,0,0,0,0,0,3,0,5,0.6,733.33,450000,7.5,4.897197369,44.30289743,28.0292706,21.25377733,1.516857261,0.903596611,0.58067192,1.768679268,0.713989453,0.820643479,39.82639095,4.476506488,13.69615453,3.611423831,9.696628548,1.001362801,5.593411151,4.734253718,1.309474433,9.554423179,0.648811993,0.411803046
Colorado,Colorado Springs,Pakistan,0,0,0,0,0,0,0,3,0,0,0.6,-100,450000,7.5,4.897197369,44.30289743,28.0292706,21.25377733,1.516857261,0.903596611,0.58067192,1.768679268,0.713989453,0.820643479,39.82639095,4.476506488,13.69615453,3.611423831,9.696628548,1.001362801,5.593411151,4.734253718,1.309474433,9.554423179,0.648811993,0
Colorado,Colorado Springs,Ukraine,0,0,0,0,0,0,0,0,3,0,0.6,-100,450000,7.5,4.897197369,44.30289743,28.0292706,21.25377733,1.516857261,0.903596611,0.58067192,1.768679268,0.713989453,0.820643479,39.82639095,4.476506488,13.69615453,3.611423831,9.696628548,1.001362801,5.593411151,4.734253718,1.309474433,9.554423179,0.648811993,1.054689815
Colorado,Denver,Bangladesh,0,0,0,0,0,2,0,0,1,2,0.6,233.33,678467,15.79,8.906021038,62.86668969,19.21206634,8.622282786,0.392940144,4.009669501,0.673878347,1.407491063,0.321072232,2.080436061,61.19506071,1.671628975,5.167956245,4.425010034,7.521863712,2.076702663,3.795932463,2.19710475,0.574943299,2.054302275,0.26787131,0.028000485
Colorado,Denver,Republic of South Sudan,0,0,0,0,0,0,0,3,0,0,0.6,-100,678467,15.79,8.906021038,62.86668969,19.21206634,8.622282786,0.392940144,4.009669501,0.673878347,1.407491063,0.321072232,2.080436061,61.19506071,1.671628975,5.167956245,4.425010034,7.521863712,2.076702663,3.795932463,2.19710475,0.574943299,2.054302275,0.26787131,
Colorado,El Jebel,El Salvador,0,0,0,0,0,0,0,0,3,0,0.6,-100,,,,,,,,,,,,,,,,,,,,,,,,
Colorado,Greeley,Cuba,0,0,0,0,0,3,0,0,0,0,0.6,-100,100760,11.21,5.824555192,80.80021245,9.604319731,3.673541648,0.097370983,4.310878994,0,0.079667168,0.699300699,0.300964858,79.68487209,1.115340356,1.611047181,2.257236434,4.576436222,0.849783128,1.256970877,1.115340356,0.433743472,0.867486943,0.097370983,0.752412145
Colorado,Greeley,Dem. Rep. Congo,0,10,0,0,0,0,0,0,3,20,0.6,3233.33,100760,11.21,5.824555192,80.80021245,9.604319731,3.673541648,0.097370983,4.310878994,0,0.079667168,0.699300699,0.300964858,79.68487209,1.115340356,1.611047181,2.257236434,4.576436222,0.849783128,1.256970877,1.115340356,0.433743472,0.867486943,0.097370983,
Colorado,Snowmass,El Salvador,0,0,0,0,0,0,0,0,3,0,0.6,-100,,,,,,,,,,,,,,,,,,,,,,,,
Colorado,Thornton,Eritrea,0,0,0,0,0,0,3,0,0,0,0.6,-100,132310,12.83,2.180189735,65.0816098,24.18832125,8.231689352,0.318189853,1.066525249,0,0.459607566,0,0.654056921,64.35095162,0.730658182,5.149961699,4.819987037,13.1930941,0.930999941,5.633138884,0.559778446,0.111955689,1.926816334,0.318189853,0.106063284
Colorado,Aurora,Iran,0,0,0,5,0,0,2,0,0,0,0.4,-100,357323,19.83,12.82970406,54.78062067,24.62778193,7.133885604,0.628007734,5.979480377,1.010457387,0.824171947,0.1693504,3.584583469,53.7969771,0.983643574,5.818597496,6.48894283,9.791275632,2.410420695,4.398876642,1.147348961,0.187696693,1.399963307,0.184874187,0.36410336
Colorado,Aurora,Rwanda,0,1,0,0,0,0,0,2,0,1,0.4,150,357323,19.83,12.82970406,54.78062067,24.62778193,7.133885604,0.628007734,5.979480377,1.010457387,0.824171947,0.1693504,3.584583469,53.7969771,0.983643574,5.818597496,6.48894283,9.791275632,2.410420695,4.398876642,1.147348961,0.187696693,1.399963307,0.184874187,
Colorado,Denver,Cameroon,0,0,0,0,0,0,0,1,1,2,0.4,400,678467,15.79,8.906021038,62.86668969,19.21206634,8.622282786,0.392940144,4.009669501,0.673878347,1.407491063,0.321072232,2.080436061,61.19506071,1.671628975,5.167956245,4.425010034,7.521863712,2.076702663,3.795932463,2.19710475,0.574943299,2.054302275,0.26787131,0.07653466
Colorado,Denver,Egypt,1,0,0,0,2,0,0,0,0,0,0.4,-100,678467,15.79,8.906021038,62.86668969,19.21206634,8.622282786,0.392940144,4.009669501,0.673878347,1.407491063,0.321072232,2.080436061,61.19506071,1.671628975,5.167956245,4.425010034,7.521863712,2.076702663,3.795932463,2.19710475,0.574943299,2.054302275,0.26787131,0.151202621
Colorado,Denver,Honduras,0,0,0,0,0,0,0,2,0,0,0.4,-100,678467,15.79,8.906021038,62.86668969,19.21206634,8.622282786,0.392940144,4.009669501,0.673878347,1.407491063,0.321072232,2.080436061,61.19506071,1.671628975,5.167956245,4.425010034,7.521863712,2.076702663,3.795932463,2.19710475,0.574943299,2.054302275,0.26787131,1.068685191
Colorado,Denver,Kazakhstan,0,0,0,0,0,0,2,0,0,0,0.4,-100,678467,15.79,8.906021038,62.86668969,19.21206634,8.622282786,0.392940144,4.009669501,0.673878347,1.407491063,0.321072232,2.080436061,61.19506071,1.671628975,5.167956245,4.425010034,7.521863712,2.076702663,3.795932463,2.19710475,0.574943299,2.054302275,0.26787131,0.01866699
Colorado,Fort Morgan,Ethiopia,0,0,0,0,0,0,0,1,1,0,0.4,-100,11251,19.76,20.51282051,73.86414755,3.553756185,2.069275753,0,20.51282051,0,0,0,0,73.86414755,0,2.159244265,0,1.394511921,0,2.069275753,0,0,0,0,7.377417904
Colorado,Glendale,Eritrea,0,1,0,0,0,2,0,0,0,0,0.4,-100,,,,,,,,,,,,,,,,,,,,,,,,
Colorado,Glenwood Springs,El Salvador,0,0,0,0,0,0,0,0,2,0,0.4,-100,,,,,,,,,,,,,,,,,,,,,,,,
Colorado,Grand Junction,Burma,0,0,0,0,0,0,0,2,0,0,0.4,-100,60882,4.98,2.308707124,62.92875989,18.63456464,14.84168865,1.286279683,0,0,0,1.682058047,0.560686016,60.78496042,2.143799472,7.618733509,1.154353562,9.63060686,0.230870712,6.398416887,4.683377309,0.494722955,3.265171504,1.286279683,1.846965699
Colorado,Greeley,Bangladesh,0,0,0,0,0,0,0,0,2,0,0.4,-100,100760,11.21,5.824555192,80.80021245,9.604319731,3.673541648,0.097370983,4.310878994,0,0.079667168,0.699300699,0.300964858,79.68487209,1.115340356,1.611047181,2.257236434,4.576436222,0.849783128,1.256970877,1.115340356,0.433743472,0.867486943,0.097370983,0
Colorado,Greeley,El Salvador,0,0,0,0,0,0,0,0,2,0,0.4,-100,100760,11.21,5.824555192,80.80021245,9.604319731,3.673541648,0.097370983,4.310878994,0,0.079667168,0.699300699,0.300964858,79.68487209,1.115340356,1.611047181,2.257236434,4.576436222,0.849783128,1.256970877,1.115340356,0.433743472,0.867486943,0.097370983,2.478534124
Colorado,Greeley,Iran,0,0,0,0,0,0,0,2,0,0,0.4,-100,100760,11.21,5.824555192,80.80021245,9.604319731,3.673541648,0.097370983,4.310878994,0,0.079667168,0.699300699,0.300964858,79.68487209,1.115340356,1.611047181,2.257236434,4.576436222,0.849783128,1.256970877,1.115340356,0.433743472,0.867486943,0.097370983,0.584225901
Colorado,Greeley,Kenya,0,0,0,0,0,1,0,0,1,0,0.4,-100,100760,11.21,5.824555192,80.80021245,9.604319731,3.673541648,0.097370983,4.310878994,0,0.079667168,0.699300699,0.300964858,79.68487209,1.115340356,1.611047181,2.257236434,4.576436222,0.849783128,1.256970877,1.115340356,0.433743472,0.867486943,0.097370983,0.026555723
Colorado,Henderson,Ukraine,0,0,0,0,0,0,0,2,0,0,0.4,-100,,,,,,,,,,,,,,,,,,,,,,,,
Colorado,Lakewood,Iran,0,0,0,0,0,0,0,2,0,0,0.4,-100,151411,9.14,2.933102153,52.92587776,25.78384626,17.63473486,0.722438954,0.534604826,1.09810721,0.288975582,0.960843809,0.050570727,51.22092183,1.704955931,7.072677359,5.598901893,11.15445745,1.957809565,7.975726051,4.255165439,1.57491692,3.828926456,0.722438954,0.556277995
Colorado,Westminster,Iran,0,0,0,0,0,2,0,0,0,0,0.4,-100,111895,10.1,2.106008318,45.99592956,36.64277498,14.76860455,0.486682594,0.805238474,0.123882842,0,0,1.176887001,44.37660384,1.619325723,8.132023715,5.663215645,20.84771259,1.999823025,8.751437926,2.167949739,0.778692151,2.94664189,0.336253429,0.353950978
Colorado,Aurora,Georgia,0,0,0,0,0,0,0,1,0,0,0.2,-100,357323,19.83,12.82970406,54.78062067,24.62778193,7.133885604,0.628007734,5.979480377,1.010457387,0.824171947,0.1693504,3.584583469,53.7969771,0.983643574,5.818597496,6.48894283,9.791275632,2.410420695,4.398876642,1.147348961,0.187696693,1.399963307,0.184874187,
Colorado,Aurora,Senegal,0,0,0,0,0,0,0,1,0,0,0.2,-100,357323,19.83,12.82970406,54.78062067,24.62778193,7.133885604,0.628007734,5.979480377,1.010457387,0.824171947,0.1693504,3.584583469,53.7969771,0.983643574,5.818597496,6.48894283,9.791275632,2.410420695,4.398876642,1.147348961,0.187696693,1.399963307,0.184874187,
Colorado,Boulder,Burma,5,0,0,0,0,1,0,0,0,0,0.2,-100,106271,11.19,2.194568233,29.20205163,39.00613806,25.94803666,3.649205415,0.319515681,0,0.403598756,0.706297822,0.571764904,23.66938535,5.532666274,19.11208274,10.50197595,4.34709493,4.868409989,6.793912385,7.29841083,2.892457748,8.963255697,3.649205415,0
Colorado,Broomfield,Iran,0,0,0,0,1,0,0,0,0,0,0.2,-100,64283,9.76,2.279611031,35.43758967,44.54009246,17.31229077,0.430416069,1.068069504,0,0.398533397,0.143472023,0.669536107,28.53499123,6.902598438,11.94006058,12.64147936,16.21233859,3.52303523,5.053403475,5.324406185,1.131834848,5.802646262,0.430416069,0.255061374
Colorado,Colorado Springs,Russia,0,0,5,0,0,0,0,1,0,0,0.2,-100,450000,7.5,4.897197369,44.30289743,28.0292706,21.25377733,1.516857261,0.903596611,0.58067192,1.768679268,0.713989453,0.820643479,39.82639095,4.476506488,13.69615453,3.611423831,9.696628548,1.001362801,5.593411151,4.734253718,1.309474433,9.554423179,0.648811993,1.140605558
Colorado,Colorado Springs,Sri Lanka (Ceylon),0,0,0,0,0,0,1,0,0,0,0.2,-100,450000,7.5,4.897197369,44.30289743,28.0292706,21.25377733,1.516857261,0.903596611,0.58067192,1.768679268,0.713989453,0.820643479,39.82639095,4.476506488,13.69615453,3.611423831,9.696628548,1.001362801,5.593411151,4.734253718,1.309474433,9.554423179,0.648811993,0.03258873
Colorado,Colorado Springs,Syria,0,0,0,0,0,1,0,0,0,0,0.2,-100,450000,7.5,4.897197369,44.30289743,28.0292706,21.25377733,1.516857261,0.903596611,0.58067192,1.768679268,0.713989453,0.820643479,39.82639095,4.476506488,13.69615453,3.611423831,9.696628548,1.001362801,5.593411151,4.734253718,1.309474433,9.554423179,0.648811993,0
Colorado,Denver,Canada,0,0,0,0,1,0,0,0,0,0,0.2,-100,678467,15.79,8.906021038,62.86668969,19.21206634,8.622282786,0.392940144,4.009669501,0.673878347,1.407491063,0.321072232,2.080436061,61.19506071,1.671628975,5.167956245,4.425010034,7.521863712,2.076702663,3.795932463,2.19710475,0.574943299,2.054302275,0.26787131,1.671628975
Colorado,Denver,Guatemala,0,0,0,0,0,0,0,0,1,0,0.2,-100,678467,15.79,8.906021038,62.86668969,19.21206634,8.622282786,0.392940144,4.009669501,0.673878347,1.407491063,0.321072232,2.080436061,61.19506071,1.671628975,5.167956245,4.425010034,7.521863712,2.076702663,3.795932463,2.19710475,0.574943299,2.054302275,0.26787131,1.450425141
Colorado,Denver,Liberia,0,1,0,0,0,1,0,0,0,0,0.2,-100,678467,15.79,8.906021038,62.86668969,19.21206634,8.622282786,0.392940144,4.009669501,0.673878347,1.407491063,0.321072232,2.080436061,61.19506071,1.671628975,5.167956245,4.425010034,7.521863712,2.076702663,3.795932463,2.19710475,0.574943299,2.054302275,0.26787131,0.126935534
Colorado,Denver,Libya,0,0,1,0,1,0,0,0,0,0,0.2,-100,678467,15.79,8.906021038,62.86668969,19.21206634,8.622282786,0.392940144,4.009669501,0.673878347,1.407491063,0.321072232,2.080436061,61.19506071,1.671628975,5.167956245,4.425010034,7.521863712,2.076702663,3.795932463,2.19710475,0.574943299,2.054302275,0.26787131,
Colorado,Denver,Mali,0,0,0,0,0,0,0,0,1,0,0.2,-100,678467,15.79,8.906021038,62.86668969,19.21206634,8.622282786,0.392940144,4.009669501,0.673878347,1.407491063,0.321072232,2.080436061,61.19506071,1.671628975,5.167956245,4.425010034,7.521863712,2.076702663,3.795932463,2.19710475,0.574943299,2.054302275,0.26787131,
Colorado,Denver,Saudi Arabia,0,0,0,0,0,0,1,0,0,0,0.2,-100,678467,15.79,8.906021038,62.86668969,19.21206634,8.622282786,0.392940144,4.009669501,0.673878347,1.407491063,0.321072232,2.080436061,61.19506071,1.671628975,5.167956245,4.425010034,7.521863712,2.076702663,3.795932463,2.19710475,0.574943299,2.054302275,0.26787131,0.390140096
Colorado,Denver,Senegal,0,0,0,2,0,0,1,0,0,0,0.2,-100,678467,15.79,8.906021038,62.86668969,19.21206634,8.622282786,0.392940144,4.009669501,0.673878347,1.407491063,0.321072232,2.080436061,61.19506071,1.671628975,5.167956245,4.425010034,7.521863712,2.076702663,3.795932463,2.19710475,0.574943299,2.054302275,0.26787131,
Colorado,Denver,Zimbabwe,0,5,0,0,0,0,1,0,0,1,0.2,400,678467,15.79,8.906021038,62.86668969,19.21206634,8.622282786,0.392940144,4.009669501,0.673878347,1.407491063,0.321072232,2.080436061,61.19506071,1.671628975,5.167956245,4.425010034,7.521863712,2.076702663,3.795932463,2.19710475,0.574943299,2.054302275,0.26787131,
Colorado,Englewood,Iran,0,0,0,0,0,1,0,0,0,0,0.2,-100,33155,7.74,3.856641995,49.51305025,18.73782626,27.34709778,0.545383716,3.856641995,0,0,0,0,45.69536424,3.817686015,7.401636151,6.895208414,1.51928321,2.921698481,17.53019088,6.03817686,1.636151149,2.142578886,0.545383716,0
Colorado,Fort Collins,Iraq,6,3,0,0,1,0,0,0,0,0,0.2,-100,159150,6.38,4.608567208,34.18020679,41.28015756,19.15312654,0.777941901,1.930083703,0.994583949,0.905957656,0.256031512,0.334810438,30.79271295,3.387493845,17.73510586,10.06400788,5.268340719,8.212703102,5.721319547,4.884293452,0.807483998,7.740029542,0.699162974,0.088626292
Colorado,Fort Morgan,Congo,0,0,0,0,0,1,0,0,0,0,0.2,-100,11251,19.76,20.51282051,73.86414755,3.553756185,2.069275753,0,20.51282051,0,0,0,0,73.86414755,0,2.159244265,0,1.394511921,0,2.069275753,0,0,0,0,
Colorado,Greeley,Uganda,0,0,0,0,0,0,1,0,0,0,0.2,-100,100760,11.21,5.824555192,80.80021245,9.604319731,3.673541648,0.097370983,4.310878994,0,0.079667168,0.699300699,0.300964858,79.68487209,1.115340356,1.611047181,2.257236434,4.576436222,0.849783128,1.256970877,1.115340356,0.433743472,0.867486943,0.097370983,
Colorado,Lakewood,Cuba,0,0,0,0,0,1,0,0,0,0,0.2,-100,151411,9.14,2.933102153,52.92587776,25.78384626,17.63473486,0.722438954,0.534604826,1.09810721,0.288975582,0.960843809,0.050570727,51.22092183,1.704955931,7.072677359,5.598901893,11.15445745,1.957809565,7.975726051,4.255165439,1.57491692,3.828926456,0.722438954,0.079468285
Colorado,Lakewood,Ukraine,0,0,0,0,0,0,0,1,0,0,0.2,-100,151411,9.14,2.933102153,52.92587776,25.78384626,17.63473486,0.722438954,0.534604826,1.09810721,0.288975582,0.960843809,0.050570727,51.22092183,1.704955931,7.072677359,5.598901893,11.15445745,1.957809565,7.975726051,4.255165439,1.57491692,3.828926456,0.722438954,0.6212975
Colorado,Lakewood,Yemen,0,0,0,0,0,0,0,0,1,0,0.2,-100,151411,9.14,2.933102153,52.92587776,25.78384626,17.63473486,0.722438954,0.534604826,1.09810721,0.288975582,0.960843809,0.050570727,51.22092183,1.704955931,7.072677359,5.598901893,11.15445745,1.957809565,7.975726051,4.255165439,1.57491692,3.828926456,0.722438954,0
Colorado,Littleton,Burma,0,6,4,0,1,0,0,0,0,0,0.2,-100,45848,7.11,12.29684146,47.04078504,19.22723091,21.43514259,0,5.826433609,0,2.177246243,0,4.293161607,39.98773382,7.053051211,7.359705612,3.005213125,8.065010733,0.797301441,9.199632015,5.335786569,0.3066544,6.593069611,0,0
Colorado,Thornton,Burma,4,0,0,0,0,1,0,0,0,0,0.2,-100,132310,12.83,2.180189735,65.0816098,24.18832125,8.231689352,0.318189853,1.066525249,0,0.459607566,0,0.654056921,64.35095162,0.730658182,5.149961699,4.819987037,13.1930941,0.930999941,5.633138884,0.559778446,0.111955689,1.926816334,0.318189853,0
Colorado,Thornton,Iraq,3,0,0,0,1,0,0,0,0,0,0.2,-100,132310,12.83,2.180189735,65.0816098,24.18832125,8.231689352,0.318189853,1.066525249,0,0.459607566,0,0.654056921,64.35095162,0.730658182,5.149961699,4.819987037,13.1930941,0.930999941,5.633138884,0.559778446,0.111955689,1.926816334,0.318189853,0.153202522
Colorado,Westminster,Iraq,0,0,0,0,1,0,0,0,0,0,0.2,-100,111895,10.1,2.106008318,45.99592956,36.64277498,14.76860455,0.486682594,0.805238474,0.123882842,0,0,1.176887001,44.37660384,1.619325723,8.132023715,5.663215645,20.84771259,1.999823025,8.751437926,2.167949739,0.778692151,2.94664189,0.336253429,0.176975489
Colorado,Westminster,Ukraine,0,0,0,0,0,1,0,0,0,0,0.2,-100,111895,10.1,2.106008318,45.99592956,36.64277498,14.76860455,0.486682594,0.805238474,0.123882842,0,0,1.176887001,44.37660384,1.619325723,8.132023715,5.663215645,20.84771259,1.999823025,8.751437926,2.167949739,0.778692151,2.94664189,0.336253429,0.575170339
Colorado,Aurora,Sri Lanka (Ceylon),0,0,2,4,0,0,0,0,0,0,0,,357323,19.83,12.82970406,54.78062067,24.62778193,7.133885604,0.628007734,5.979480377,1.010457387,0.824171947,0.1693504,3.584583469,53.7969771,0.983643574,5.818597496,6.48894283,9.791275632,2.410420695,4.398876642,1.147348961,0.187696693,1.399963307,0.184874187,0.074796427
Colorado,Aurora,Sudan,0,3,0,5,0,0,0,0,0,0,0,,357323,19.83,12.82970406,54.78062067,24.62778193,7.133885604,0.628007734,5.979480377,1.010457387,0.824171947,0.1693504,3.584583469,53.7969771,0.983643574,5.818597496,6.48894283,9.791275632,2.410420695,4.398876642,1.147348961,0.187696693,1.399963307,0.184874187,0.358458347
Colorado,Aurora,Vietnam,4,0,0,0,0,0,0,0,0,0,0,,357323,19.83,12.82970406,54.78062067,24.62778193,7.133885604,0.628007734,5.979480377,1.010457387,0.824171947,0.1693504,3.584583469,53.7969771,0.983643574,5.818597496,6.48894283,9.791275632,2.410420695,4.398876642,1.147348961,0.187696693,1.399963307,0.184874187,3.902115469
Colorado,Broomfield,Vietnam,4,3,0,0,0,0,0,0,0,0,0,,64283,9.76,2.279611031,35.43758967,44.54009246,17.31229077,0.430416069,1.068069504,0,0.398533397,0.143472023,0.669536107,28.53499123,6.902598438,11.94006058,12.64147936,16.21233859,3.52303523,5.053403475,5.324406185,1.131834848,5.802646262,0.430416069,6.631595728
Colorado,Brush,Somalia,0,0,4,0,0,0,0,0,0,0,0,,,,,,,,,,,,,,,,,,,,,,,,,
Colorado,Centennial,Iran,6,1,0,0,0,0,0,0,0,0,0,,108448,9.08,5.646963234,23.49177331,47.7757465,22.14097095,0.944546009,4.113345521,0,1.188299817,0.192971765,0.15234613,17.76355881,5.728214503,20.36359943,16.42291286,7.444647573,3.544586634,9.993906155,6.408693886,0.954702417,4.671947999,0.863294739,2.010968921
Colorado,Colorado Springs,Congo,0,0,3,0,0,0,0,0,0,0,0,,450000,7.5,4.897197369,44.30289743,28.0292706,21.25377733,1.516857261,0.903596611,0.58067192,1.768679268,0.713989453,0.820643479,39.82639095,4.476506488,13.69615453,3.611423831,9.696628548,1.001362801,5.593411151,4.734253718,1.309474433,9.554423179,0.648811993,
Colorado,Colorado Springs,Gabon,1,0,0,0,0,0,0,0,0,0,0,,450000,7.5,4.897197369,44.30289743,28.0292706,21.25377733,1.516857261,0.903596611,0.58067192,1.768679268,0.713989453,0.820643479,39.82639095,4.476506488,13.69615453,3.611423831,9.696628548,1.001362801,5.593411151,4.734253718,1.309474433,9.554423179,0.648811993,
Colorado,Colorado Springs,Ghana,1,0,0,0,0,0,0,0,0,0,0,,450000,7.5,4.897197369,44.30289743,28.0292706,21.25377733,1.516857261,0.903596611,0.58067192,1.768679268,0.713989453,0.820643479,39.82639095,4.476506488,13.69615453,3.611423831,9.696628548,1.001362801,5.593411151,4.734253718,1.309474433,9.554423179,0.648811993,0.361438644
Colorado,Colorado Springs,Kazakhstan,0,0,5,0,0,0,0,0,0,0,0,,450000,7.5,4.897197369,44.30289743,28.0292706,21.25377733,1.516857261,0.903596611,0.58067192,1.768679268,0.713989453,0.820643479,39.82639095,4.476506488,13.69615453,3.611423831,9.696628548,1.001362801,5.593411151,4.734253718,1.309474433,9.554423179,0.648811993,0.074065296
Colorado,Colorado Springs,Liberia,1,0,3,0,0,0,0,0,0,0,0,,450000,7.5,4.897197369,44.30289743,28.0292706,21.25377733,1.516857261,0.903596611,0.58067192,1.768679268,0.713989453,0.820643479,39.82639095,4.476506488,13.69615453,3.611423831,9.696628548,1.001362801,5.593411151,4.734253718,1.309474433,9.554423179,0.648811993,0.109616638
Colorado,Colorado Springs,Sierra Leone,1,0,0,0,0,0,0,0,0,0,0,,450000,7.5,4.897197369,44.30289743,28.0292706,21.25377733,1.516857261,0.903596611,0.58067192,1.768679268,0.713989453,0.820643479,39.82639095,4.476506488,13.69615453,3.611423831,9.696628548,1.001362801,5.593411151,4.734253718,1.309474433,9.554423179,0.648811993,0
Colorado,Commerce City,Afghanistan,0,1,0,0,0,0,0,0,0,0,0,,52905,14,1.188065344,84.33913865,10.3145673,4.158228703,0,0.297016336,0,0,0.05400297,0.837046038,83.78560821,0.553530444,1.188065344,1.998109896,6.48035642,0.648035642,2.538139598,0.391521534,0,1.228567571,0,1.066558661
Colorado,Commerce City,Liberia,4,0,0,0,0,0,0,0,0,0,0,,52905,14,1.188065344,84.33913865,10.3145673,4.158228703,0,0.297016336,0,0,0.05400297,0.837046038,83.78560821,0.553530444,1.188065344,1.998109896,6.48035642,0.648035642,2.538139598,0.391521534,0,1.228567571,0,0
Colorado,Commerce City,Russia,5,0,0,0,0,0,0,0,0,0,0,,52905,14,1.188065344,84.33913865,10.3145673,4.158228703,0,0.297016336,0,0,0.05400297,0.837046038,83.78560821,0.553530444,1.188065344,1.998109896,6.48035642,0.648035642,2.538139598,0.391521534,0,1.228567571,0,1.363574997
Colorado,Denver,Chad,0,0,0,3,0,0,0,0,0,0,0,,678467,15.79,8.906021038,62.86668969,19.21206634,8.622282786,0.392940144,4.009669501,0.673878347,1.407491063,0.321072232,2.080436061,61.19506071,1.671628975,5.167956245,4.425010034,7.521863712,2.076702663,3.795932463,2.19710475,0.574943299,2.054302275,0.26787131,
Colorado,Denver,Gambia,0,1,0,0,0,0,0,0,0,0,0,,678467,15.79,8.906021038,62.86668969,19.21206634,8.622282786,0.392940144,4.009669501,0.673878347,1.407491063,0.321072232,2.080436061,61.19506071,1.671628975,5.167956245,4.425010034,7.521863712,2.076702663,3.795932463,2.19710475,0.574943299,2.054302275,0.26787131,
Colorado,Denver,Ivory Coast,2,0,0,2,0,0,0,0,0,0,0,,678467,15.79,8.906021038,62.86668969,19.21206634,8.622282786,0.392940144,4.009669501,0.673878347,1.407491063,0.321072232,2.080436061,61.19506071,1.671628975,5.167956245,4.425010034,7.521863712,2.076702663,3.795932463,2.19710475,0.574943299,2.054302275,0.26787131,
Colorado,Denver,Mauritania,5,14,3,0,0,0,0,0,0,0,0,,678467,15.79,8.906021038,62.86668969,19.21206634,8.622282786,0.392940144,4.009669501,0.673878347,1.407491063,0.321072232,2.080436061,61.19506071,1.671628975,5.167956245,4.425010034,7.521863712,2.076702663,3.795932463,2.19710475,0.574943299,2.054302275,0.26787131,
Colorado,Denver,Sierra Leone,0,1,0,0,0,0,0,0,0,0,0,,678467,15.79,8.906021038,62.86668969,19.21206634,8.622282786,0.392940144,4.009669501,0.673878347,1.407491063,0.321072232,2.080436061,61.19506071,1.671628975,5.167956245,4.425010034,7.521863712,2.076702663,3.795932463,2.19710475,0.574943299,2.054302275,0.26787131,0.067201165
Colorado,Denver,Turkmenistan,3,0,0,0,0,0,0,0,0,0,0,,678467,15.79,8.906021038,62.86668969,19.21206634,8.622282786,0.392940144,4.009669501,0.673878347,1.407491063,0.321072232,2.080436061,61.19506071,1.671628975,5.167956245,4.425010034,7.521863712,2.076702663,3.795932463,2.19710475,0.574943299,2.054302275,0.26787131,
Colorado,Denver,Uzbekistan,6,0,2,0,0,0,0,0,0,0,0,,678467,15.79,8.906021038,62.86668969,19.21206634,8.622282786,0.392940144,4.009669501,0.673878347,1.407491063,0.321072232,2.080436061,61.19506071,1.671628975,5.167956245,4.425010034,7.521863712,2.076702663,3.795932463,2.19710475,0.574943299,2.054302275,0.26787131,0.156802718
Colorado,Denver,Vietnam,18,11,0,0,0,0,0,0,0,0,0,,678467,15.79,8.906021038,62.86668969,19.21206634,8.622282786,0.392940144,4.009669501,0.673878347,1.407491063,0.321072232,2.080436061,61.19506071,1.671628975,5.167956245,4.425010034,7.521863712,2.076702663,3.795932463,2.19710475,0.574943299,2.054302275,0.26787131,4.742348867
Colorado,Eagle,Iraq,2,1,0,0,0,0,0,0,0,0,0,,,,,,,,,,,,,,,,,,,,,,,,,
Colorado,Englewood,Bhutan,0,7,0,0,0,0,0,0,0,0,0,,33155,7.74,3.856641995,49.51305025,18.73782626,27.34709778,0.545383716,3.856641995,0,0,0,0,45.69536424,3.817686015,7.401636151,6.895208414,1.51928321,2.921698481,17.53019088,6.03817686,1.636151149,2.142578886,0.545383716,
Colorado,Englewood,Iraq,7,8,1,0,0,0,0,0,0,0,0,,33155,7.74,3.856641995,49.51305025,18.73782626,27.34709778,0.545383716,3.856641995,0,0,0,0,45.69536424,3.817686015,7.401636151,6.895208414,1.51928321,2.921698481,17.53019088,6.03817686,1.636151149,2.142578886,0.545383716,0.701207635
Colorado,Englewood,Somalia,1,0,0,0,0,0,0,0,0,0,0,,33155,7.74,3.856641995,49.51305025,18.73782626,27.34709778,0.545383716,3.856641995,0,0,0,0,45.69536424,3.817686015,7.401636151,6.895208414,1.51928321,2.921698481,17.53019088,6.03817686,1.636151149,2.142578886,0.545383716,0
Colorado,Erie,Eritrea,1,0,0,0,0,0,0,0,0,0,0,,,,,,,,,,,,,,,,,,,,,,,,,
Colorado,Fort Morgan,Central African Republic,0,2,0,0,0,0,0,0,0,0,0,,11251,19.76,20.51282051,73.86414755,3.553756185,2.069275753,0,20.51282051,0,0,0,0,73.86414755,0,2.159244265,0,1.394511921,0,2.069275753,0,0,0,0,
Colorado,Fort Morgan,Dem. Rep. Congo,0,0,0,0,0,0,0,0,0,1,0,,11251,19.76,20.51282051,73.86414755,3.553756185,2.069275753,0,20.51282051,0,0,0,0,73.86414755,0,2.159244265,0,1.394511921,0,2.069275753,0,0,0,0,
Colorado,Glendale,Bhutan,0,0,3,0,0,0,0,0,0,0,0,,,,,,,,,,,,,,,,,,,,,,,,,
Colorado,Glendale,Iraq,0,0,0,1,0,0,0,0,0,0,0,,,,,,,,,,,,,,,,,,,,,,,,,
Colorado,Glendale,Liberia,1,0,0,0,0,0,0,0,0,0,0,,,,,,,,,,,,,,,,,,,,,,,,,
Colorado,Golden,Iran,0,0,0,0,0,0,0,0,0,1,0,,20365,8.69,2.656868287,27.07744488,49.01074053,19.55907292,1.695873375,0.565291125,0,1.695873375,0.395703787,0,21.02882985,6.048615037,20.12436405,8.931599774,3.222159412,16.7326173,4.522328999,3.900508762,1.017524025,10.11871114,1.695873375,1.695873375
Colorado,Greeley,Burundi,0,0,6,0,0,0,0,0,0,0,0,,100760,11.21,5.824555192,80.80021245,9.604319731,3.673541648,0.097370983,4.310878994,0,0.079667168,0.699300699,0.300964858,79.68487209,1.115340356,1.611047181,2.257236434,4.576436222,0.849783128,1.256970877,1.115340356,0.433743472,0.867486943,0.097370983,
Colorado,Greeley,Sudan,0,0,0,3,0,0,0,0,0,0,0,,100760,11.21,5.824555192,80.80021245,9.604319731,3.673541648,0.097370983,4.310878994,0,0.079667168,0.699300699,0.300964858,79.68487209,1.115340356,1.611047181,2.257236434,4.576436222,0.849783128,1.256970877,1.115340356,0.433743472,0.867486943,0.097370983,0
Colorado,Greenwood Village,Iraq,8,0,0,0,0,0,0,0,0,0,0,,15397,14.78,4.087912088,8.659340659,62.15384615,23.42857143,1.67032967,0.21978022,0,0.791208791,3.076923077,0,2.945054945,5.714285714,27.91208791,30.32967033,1.67032967,2.241758242,14.46153846,6.021978022,0,2.945054945,1.67032967,0
Colorado,Holyoke,Cuba,0,2,0,0,0,0,0,0,0,0,0,,,,,,,,,,,,,,,,,,,,,,,,,
Colorado,Indian Hills,Burma,4,0,0,0,0,0,0,0,0,0,0,,,,,,,,,,,,,,,,,,,,,,,,,
Colorado,Lakewood,Afghanistan,0,0,0,0,0,0,0,0,0,6,0,,151411,9.14,2.933102153,52.92587776,25.78384626,17.63473486,0.722438954,0.534604826,1.09810721,0.288975582,0.960843809,0.050570727,51.22092183,1.704955931,7.072677359,5.598901893,11.15445745,1.957809565,7.975726051,4.255165439,1.57491692,3.828926456,0.722438954,0.260078023
Colorado,Lakewood,Central African Republic,0,0,0,0,0,0,0,0,0,4,0,,151411,9.14,2.933102153,52.92587776,25.78384626,17.63473486,0.722438954,0.534604826,1.09810721,0.288975582,0.960843809,0.050570727,51.22092183,1.704955931,7.072677359,5.598901893,11.15445745,1.957809565,7.975726051,4.255165439,1.57491692,3.828926456,0.722438954,
Colorado,Lakewood,Senegal,0,0,0,0,0,0,0,0,0,2,0,,151411,9.14,2.933102153,52.92587776,25.78384626,17.63473486,0.722438954,0.534604826,1.09810721,0.288975582,0.960843809,0.050570727,51.22092183,1.704955931,7.072677359,5.598901893,11.15445745,1.957809565,7.975726051,4.255165439,1.57491692,3.828926456,0.722438954,
Colorado,Lakewood,Uganda,0,0,0,0,0,0,0,0,0,3,0,,151411,9.14,2.933102153,52.92587776,25.78384626,17.63473486,0.722438954,0.534604826,1.09810721,0.288975582,0.960843809,0.050570727,51.22092183,1.704955931,7.072677359,5.598901893,11.15445745,1.957809565,7.975726051,4.255165439,1.57491692,3.828926456,0.722438954,
Colorado,Longmont,Iraq,0,1,0,0,0,0,0,0,0,0,0,,91730,12.15,1.309534487,66.59790116,18.88958651,12.9877119,0.215265943,0.421562472,0,0.403623643,0.385684815,0.098663557,64.39142524,2.206475917,5.094627321,8.054534039,5.229168535,0.511256615,4.000358777,4.538523634,1.596555745,2.852273747,0.143510629,0
Colorado,Northglenn,Burma,8,0,1,2,0,0,0,0,0,0,0,,38473,10.04,8.490810251,58.08956769,20.73517991,12.68444214,0,1.475537147,5.824488739,0.647165415,0.543618949,0,57.44240228,0.647165415,5.66916904,7.222366037,7.843644836,0,8.904996117,0.724825265,0.258866166,2.795754595,0,0
Colorado,Northglenn,Ukraine,1,0,0,0,0,0,0,0,0,0,0,,38473,10.04,8.490810251,58.08956769,20.73517991,12.68444214,0,1.475537147,5.824488739,0.647165415,0.543618949,0,57.44240228,0.647165415,5.66916904,7.222366037,7.843644836,0,8.904996117,0.724825265,0.258866166,2.795754595,0,1.889723013
Colorado,Pueblo,Iraq,1,0,0,0,0,0,0,0,0,0,0,,109122,4.39,2.39933236,76.86209055,12.45566451,8.095138744,0.187773837,0.104318798,0,0.730231588,0.417275193,0.855414146,74.7131233,2.148967244,4.798664719,3.713749218,3.275610265,0.667640309,1.377008137,2.3784686,1.16837054,3.171291467,0.187773837,0
Colorado,Superior,Bhutan,10,0,0,0,0,0,0,0,0,0,0,,,,,,,,,,,,,,,,,,,,,,,,,
Colorado,Thornton,Afghanistan,0,2,0,0,0,0,0,0,0,0,0,,132310,12.83,2.180189735,65.0816098,24.18832125,8.231689352,0.318189853,1.066525249,0,0.459607566,0,0.654056921,64.35095162,0.730658182,5.149961699,4.819987037,13.1930941,0.930999941,5.633138884,0.559778446,0.111955689,1.926816334,0.318189853,1.514348005
Colorado,Thornton,Iran,4,0,0,0,0,0,0,0,0,0,0,,132310,12.83,2.180189735,65.0816098,24.18832125,8.231689352,0.318189853,1.066525249,0,0.459607566,0,0.654056921,64.35095162,0.730658182,5.149961699,4.819987037,13.1930941,0.930999941,5.633138884,0.559778446,0.111955689,1.926816334,0.318189853,0.123740498
Colorado,Westminster,Moldova,13,0,0,0,0,0,0,0,0,0,0,,111895,10.1,2.106008318,45.99592956,36.64277498,14.76860455,0.486682594,0.805238474,0.123882842,0,0,1.176887001,44.37660384,1.619325723,8.132023715,5.663215645,20.84771259,1.999823025,8.751437926,2.167949739,0.778692151,2.94664189,0.336253429,0
Colorado,Westminster,Vietnam,1,0,0,0,0,0,0,0,0,0,0,,111895,10.1,2.106008318,45.99592956,36.64277498,14.76860455,0.486682594,0.805238474,0.123882842,0,0,1.176887001,44.37660384,1.619325723,8.132023715,5.663215645,20.84771259,1.999823025,8.751437926,2.167949739,0.778692151,2.94664189,0.336253429,11.30873374
Colorado,Wheat Ridge,Eritrea,0,1,0,0,0,0,0,0,0,0,0,,31162,6,0,59.33654361,20.59925094,19.47565543,0.588550027,0,0,0,0,0,53.61155698,5.724986624,4.922418406,6.260032103,7.33012306,2.086677368,9.36329588,4.226859283,0,5.885500268,0,0
Colorado,NA,Burma,0,0,0,0,0,0,0,0,0,6,0,,,,,,,,,,,,,,,,,,,,,,,,,